{"cameraMode":{"drawMode":0,"name":"Shaded","section":"Shading Mode"},"sceneLighting":false,"audioPlay":false,"sceneViewState":{"showFog":true,"showMaterialUpdate":false,"showSkybox":false,"showFlares":true,"showImageEffects":true,"showParticleSystems":true},"in2DMode":false,"pivot":{"x":-58.46211242675781,"y":-3.387537956237793,"z":-27.9720516204834},"rotation":{"x":-0.08043688535690308,"y":0.7896696925163269,"z":-0.10605087131261826,"w":-0.5989277958869934},"size":91.18917846679688,"orthographic":false}