{"cameraMode":{"drawMode":0,"name":"Shaded","section":"Shading Mode"},"sceneLighting":true,"audioPlay":false,"sceneViewState":{"showFog":true,"showMaterialUpdate":false,"showSkybox":true,"showFlares":true,"showImageEffects":true,"showParticleSystems":true},"in2DMode":false,"pivot":{"x":-70.9305648803711,"y":-40.07588195800781,"z":-25.090179443359376},"rotation":{"x":-0.34523501992225649,"y":0.01179404929280281,"z":-0.004415170289576054,"w":-0.9384886026382446},"size":167.64068603515626,"orthographic":false}