{"cameraMode":{"drawMode":0,"name":"Shaded","section":"Shading Mode"},"sceneLighting":false,"audioPlay":false,"sceneViewState":{"showFog":true,"showMaterialUpdate":false,"showSkybox":false,"showFlares":true,"showImageEffects":true,"showParticleSystems":true},"in2DMode":false,"pivot":{"x":375.8873596191406,"y":268.76959228515627,"z":-41.91107177734375},"rotation":{"x":-0.0759865865111351,"y":0.917073130607605,"z":-0.21164266765117646,"w":-0.3292592465877533},"size":700.0357666015625,"orthographic":false}