{"cameraMode":{"drawMode":0,"name":"Shaded","section":"Shading Mode"},"sceneLighting":false,"audioPlay":false,"sceneViewState":{"showFog":true,"showMaterialUpdate":false,"showSkybox":false,"showFlares":true,"showImageEffects":true,"showParticleSystems":true},"in2DMode":false,"pivot":{"x":-45.70503616333008,"y":-6.5591721534729,"z":-27.271442413330079},"rotation":{"x":-0.16218483448028565,"y":-0.34475135803222659,"z":0.060579799115657809,"w":-0.9226276278495789},"size":4.3714599609375,"orthographic":false}